<?xml version="1.0" encoding="UTF-8"?>
<project-private xmlns="http://www.netbeans.org/ns/project-private/1">
    <editor-bookmarks xmlns="http://www.netbeans.org/ns/editor-bookmarks/2" lastBookmarkId="0"/>
    <open-files xmlns="http://www.netbeans.org/ns/projectui-open-files/2">
        <group>
            <file>file:/D:/Chuyên%20ngành%203/LAB211/400loc%20-%20lab2/ProductMng/src/tools/Mytool.java</file>
            <file>file:/D:/Chuyên%20ngành%203/LAB211/400loc%20-%20lab2/ProductMng/src/data/ProductList.java</file>
            <file>file:/D:/Chuyên%20ngành%203/LAB211/400loc%20-%20lab2/ProductMng/src/mng/ProductMng.java</file>
        </group>
    </open-files>
</project-private>
